vertex,pagerank
10,0.24688304101855146
8,0.14980639776613824
7,0.14672395472051367
5,0.10137601732339759
9,0.09833938602053334
6,0.06054477233530964
4,0.05778170500222917
2,0.051280088485840966
3,0.051280088485840966
1,0.03598454884164497
