vertex,pagerank
7,0.23121849548858867
5,0.22947454928190472
9,0.21149478487966536
1,0.06077227061267072
10,0.053849729397685384
4,0.04970398338346545
8,0.045705563997276905
2,0.040828215010385055
3,0.040828215010385055
6,0.036124192937972824
