vertex,pagerank
3,0.22463635530343473
4,0.22094989556193523
5,0.21783101930693619
1,0.21515524221664378
2,0.12142748761105006
