vertex,pagerank
10,0.16520479243967118
1,0.1554650098593555
7,0.1366312055323921
5,0.11836760221753825
8,0.10366116779095888
2,0.0810726291902261
3,0.0810726291902261
9,0.07305035272630137
4,0.04945586740584611
6,0.03601874364748461
